<?xml version="1.0" encoding="UTF-8"?><!--
        *** GENERATED FROM jax-ws.xml - DO NOT EDIT !                             ***
        *** TO MODIFY wsimport options USE Web Service node -> Edit WS Attributes ***
        *** TO CHANGE TARGETS GENERATED TO jaxws-build.xml COPY THOSE             ***
        *** TARGETS TO ../build.xml AND MODIFY THAT FILE INSTEAD                  ***

        --><project xmlns:xalan="http://xml.apache.org/xslt" xmlns:webproject2="http://www.netbeans.org/ns/web-project/2" xmlns:jaxws="http://www.netbeans.org/ns/jax-ws/1">
    <!--
                ===================
                JAX-WS WSGEN SECTION
                ===================
            -->
    <target name="wsgen-init" depends="init, -do-compile">
        <mkdir dir="${build.generated.sources.dir}/jax-ws/resources/"/>
        <mkdir dir="${build.classes.dir}"/>
        <mkdir dir="${build.classes.dir}/META-INF"/>
        <property name="j2ee.platform.wsgen.classpath" value="${libs.jaxws21.classpath}"/>
        <taskdef name="wsgen" classname="com.sun.tools.ws.ant.WsGen">
            <classpath path="${java.home}/../lib/tools.jar:${build.classes.dir}:${j2ee.platform.wsgen.classpath}:${javac.classpath}"/>
        </taskdef>
    </target>
    <target name="wsgen-MovieSoap" depends="wsgen-init">
        <copy todir="${build.classes.dir}/META-INF">
            <fileset dir="${webinf.dir}" includes="wsit-uts.wsd.oms.soap.MovieSoap.xml"/>
        </copy>
        <wsgen sourcedestdir="${build.generated.sources.dir}/jax-ws" resourcedestdir="${build.generated.sources.dir}/jax-ws/resources/" destdir="${build.generated.sources.dir}/jax-ws" verbose="true" keep="true" genwsdl="true" sei="uts.wsd.oms.soap.MovieSoap" xendorsed="true">
            <classpath path="${java.home}/../lib/tools.jar:${build.classes.dir}:${j2ee.platform.wsgen.classpath}:${javac.classpath}"/>
        </wsgen>
    </target>
    <target name="wsgen-PlaceOrder" depends="wsgen-init">
        <copy todir="${build.classes.dir}/META-INF">
            <fileset dir="${webinf.dir}" includes="wsit-uts.wsd.oms.soap.PlaceOrder.xml"/>
        </copy>
        <wsgen sourcedestdir="${build.generated.sources.dir}/jax-ws" resourcedestdir="${build.generated.sources.dir}/jax-ws/resources/" destdir="${build.generated.sources.dir}/jax-ws" verbose="true" keep="true" genwsdl="true" sei="uts.wsd.oms.soap.PlaceOrder" xendorsed="true">
            <classpath path="${java.home}/../lib/tools.jar:${build.classes.dir}:${j2ee.platform.wsgen.classpath}:${javac.classpath}"/>
        </wsgen>
    </target>
    <!--
                ===================
                JAX-WS WSIMPORT SECTION
                ===================
            -->
    <target name="wsimport-init" depends="init">
        <fail if="${wsimport.bad.version}" message="WsImport ant task defined in the classpath ${j2ee.platform.wsimport.classpath} has a serious bug. See http://wiki.netbeans.org/MetroIssue for details."/>
        <mkdir dir="${build.generated.sources.dir}/jax-ws"/>
        <property name="j2ee.platform.wsimport.classpath" value="${libs.jaxws21.classpath}"/>
        <taskdef name="wsimport" classname="com.sun.tools.ws.ant.WsImport">
            <classpath path="${java.home}/../lib/tools.jar:${j2ee.platform.wsimport.classpath}:${javac.classpath}"/>
        </taskdef>
        <condition property="conf-dir" value="${conf.dir}/" else="">
            <isset property="conf.dir"/>
        </condition>
    </target>
    <target name="wsimport-client-Movie" depends="wsimport-init">
        <mkdir dir="${build.generated.dir}/jax-wsCache/Movie"/>
        <wsimport sourcedestdir="${build.generated.dir}/jax-wsCache/Movie" destdir="${build.generated.dir}/jax-wsCache/Movie" wsdl="${basedir}/${conf-dir}xml-resources/web-service-references/Movie/wsdl/localhost_8080/wsd31284assignment/Movie.wsdl" catalog="catalog.xml" encoding="${source.encoding}" extension="true" verbose="true" fork="false" wsdlLocation="http://localhost:8080/wsd31284assignment/Movie?wsdl" xnocompile="true" xendorsed="true" package="uts.wsd.oms.soap.client">
            <depends file="${basedir}/${conf-dir}xml-resources/web-service-references/Movie/wsdl/localhost_8080/wsd31284assignment/Movie.wsdl"/>
            <produces dir="${build.generated.dir}/jax-wsCache/Movie"/>
        </wsimport>
        <copy todir="${build.generated.sources.dir}/jax-ws">
            <fileset dir="${build.generated.dir}/jax-wsCache/Movie">
                <include name="**/*.java"/>
            </fileset>
        </copy>
    </target>
    <target name="wsimport-client-clean-Movie" depends="-init-project">
        <delete dir="${build.generated.sources.dir}/jax-ws/uts/wsd/oms/soap/client"/>
        <delete dir="${build.generated.dir}/jax-wsCache/Movie"/>
    </target>
    <target name="wsimport-client-PlaceOrder" depends="wsimport-init">
        <mkdir dir="${build.generated.dir}/jax-wsCache/PlaceOrder"/>
        <wsimport sourcedestdir="${build.generated.dir}/jax-wsCache/PlaceOrder" destdir="${build.generated.dir}/jax-wsCache/PlaceOrder" wsdl="${basedir}/${conf-dir}xml-resources/web-service-references/PlaceOrder/wsdl/localhost_8080/wsd31284assignment/PlaceOrder.wsdl" catalog="catalog.xml" encoding="${source.encoding}" extension="true" verbose="true" fork="false" wsdlLocation="http://localhost:8080/wsd31284assignment/PlaceOrder?wsdl" xnocompile="true" xendorsed="true" package="uts.wsd.oms.soap.client">
            <depends file="${basedir}/${conf-dir}xml-resources/web-service-references/PlaceOrder/wsdl/localhost_8080/wsd31284assignment/PlaceOrder.wsdl"/>
            <produces dir="${build.generated.dir}/jax-wsCache/PlaceOrder"/>
        </wsimport>
        <copy todir="${build.generated.sources.dir}/jax-ws">
            <fileset dir="${build.generated.dir}/jax-wsCache/PlaceOrder">
                <include name="**/*.java"/>
            </fileset>
        </copy>
    </target>
    <target name="wsimport-client-clean-PlaceOrder" depends="-init-project">
        <delete dir="${build.generated.sources.dir}/jax-ws/uts/wsd/oms/soap/client"/>
        <delete dir="${build.generated.dir}/jax-wsCache/PlaceOrder"/>
    </target>
    <target name="wsimport-client-PlaceOrder_1" depends="wsimport-init">
        <mkdir dir="${build.generated.dir}/jax-wsCache/PlaceOrder_1"/>
        <wsimport sourcedestdir="${build.generated.dir}/jax-wsCache/PlaceOrder_1" destdir="${build.generated.dir}/jax-wsCache/PlaceOrder_1" wsdl="${basedir}/${conf-dir}xml-resources/web-service-references/PlaceOrder_1/wsdl/localhost_8080/wsd31284assignment/PlaceOrder.wsdl" catalog="catalog.xml" encoding="${source.encoding}" extension="true" verbose="true" fork="false" wsdlLocation="http://localhost:8080/wsd31284assignment/PlaceOrder?wsdl" xnocompile="true" xendorsed="true" package="uts.wsd.oms.soap.client">
            <depends file="${basedir}/${conf-dir}xml-resources/web-service-references/PlaceOrder_1/wsdl/localhost_8080/wsd31284assignment/PlaceOrder.wsdl"/>
            <produces dir="${build.generated.dir}/jax-wsCache/PlaceOrder_1"/>
        </wsimport>
        <copy todir="${build.generated.sources.dir}/jax-ws">
            <fileset dir="${build.generated.dir}/jax-wsCache/PlaceOrder_1">
                <include name="**/*.java"/>
            </fileset>
        </copy>
    </target>
    <target name="wsimport-client-clean-PlaceOrder_1" depends="-init-project">
        <delete dir="${build.generated.sources.dir}/jax-ws/uts/wsd/oms/soap/client"/>
        <delete dir="${build.generated.dir}/jax-wsCache/PlaceOrder_1"/>
    </target>
    <target name="wsimport-client-generate" depends="wsimport-client-Movie, wsimport-client-PlaceOrder, wsimport-client-PlaceOrder_1"/>
</project>
