<?xml version="1.0" encoding="UTF-8"?>
<project-private xmlns="http://www.netbeans.org/ns/project-private/1">
    <editor-bookmarks xmlns="http://www.netbeans.org/ns/editor-bookmarks/2" lastBookmarkId="0"/>
    <open-files xmlns="http://www.netbeans.org/ns/projectui-open-files/2">
        <group>
            <file>file:/C:/Users/caleb/Documents/UNI/Web%20Services%20Development01/wsd31284assignment/src/java/uts/wsd/oms/soap/MovieSoap.java</file>
            <file>file:/C:/Users/caleb/Documents/UNI/Web%20Services%20Development01/wsd31284assignment/src/java/uts/wsd/oms/soap/PlaceOrder.java</file>
            <file>file:/C:/Users/caleb/Documents/UNI/Web%20Services%20Development01/wsd31284assignment/src/java/uts/wsd/oms/Order.java</file>
        </group>
    </open-files>
</project-private>
