<?xml version="1.0" encoding="UTF-8" standalone="yes"?>
<?xml-stylesheet type="text/xsl" href="xsl/history.xsl"?>  
<history
    xmlns="http://uts/wsd/oms"
    xmlns:xsi="http://www.w3.org/2001/XMLSchema-instance"
    xsi:schemaLocation="http://uts/wsd/oms history.xsd">
    <order>
        <orderID>0</orderID>
        <movies>
            <movie>
                <title>Name of movie</title>
                <genre>Action</genre>
                <releaseDate>2018</releaseDate>
                <price>20</price>
                <copies>1</copies>
            </movie>
        </movies>
        <firstName>Christopher</firstName>
        <lastName>Fung</lastName>
        <email>test@email.com</email>
        <paymentMethod>visa</paymentMethod>
        <saleTotal>20</saleTotal>
        <orderStatus>submitted</orderStatus>
    </order>
    <order>
        <orderID>1</orderID>
        <movies>
            <movie>
                <title>blah</title>
                <genre>Action</genre>
                <releaseDate>2018</releaseDate>
                <price>20</price>
                <copies>1</copies>
            </movie>
            <movie>
                <title>test</title>
                <genre>Action</genre>
                <releaseDate>2018</releaseDate>
                <price>20</price>
                <copies>1</copies>
            </movie>
        </movies>
        <firstName>Christopher</firstName>
        <lastName>Fung</lastName>
        <email>test@email.com</email>
        <paymentMethod>visa</paymentMethod>
        <saleTotal>20</saleTotal>
        <orderStatus>cancelled</orderStatus>
    </order> 
    <order>
        <orderID>2</orderID>
        <movies>
            <movie>
                <title>blah</title>
                <genre>Action</genre>
                <releaseDate>2018</releaseDate>
                <price>20</price>
                <copies>1</copies>
            </movie>
        </movies>
        <firstName>Christopher</firstName>
        <lastName>Fung</lastName>
        <email>nontest@email.com</email>
        <paymentMethod>visa</paymentMethod>
        <saleTotal>0</saleTotal>
        <orderStatus>cancelled</orderStatus>
    </order>
</history>