<?xml version="1.0" encoding="UTF-8" standalone="no"?>
<catalog xmlns="urn:oasis:names:tc:entity:xmlns:xml:catalog" prefer="system">
    <system systemId="http://localhost:8080/wsd31284assignment/History?wsdl" uri="wsdl/localhost_8080/wsd31284assignment/History.wsdl"/>
    <system systemId="http://localhost:8080/wsd31284assignment/History?xsd=1" uri="wsdl/localhost_8080/wsd31284assignment/History.xsd_1.xsd"/>
    <system systemId="http://localhost:8080/wsd31284assignment/History?xsd=2" uri="wsdl/localhost_8080/wsd31284assignment/History.xsd_2.xsd"/>
    <system systemId="http://localhost:8080/Project/History?wsdl" uri="wsdl/localhost_8080/Project/History.wsdl"/>
    <system systemId="http://localhost:8080/Project/History?xsd=1" uri="wsdl/localhost_8080/Project/History.xsd_1.xsd"/>
    <system systemId="http://localhost:8080/Project/History?xsd=2" uri="wsdl/localhost_8080/Project/History.xsd_2.xsd"/>
    <system systemId="http://localhost:8080/wsd31284assignment/Movie?wsdl" uri="wsdl/localhost_8080/wsd31284assignment/Movie.wsdl"/>
    <system systemId="http://localhost:8080/wsd31284assignment/Movie?xsd=1" uri="wsdl/localhost_8080/wsd31284assignment/Movie.xsd_1.xsd"/>
    <system systemId="http://localhost:8080/wsd31284assignment/Movie?xsd=2" uri="wsdl/localhost_8080/wsd31284assignment/Movie.xsd_2.xsd"/>
    <system systemId="http://localhost:8080/wsd31284assignment/PlaceOrder?wsdl" uri="wsdl/localhost_8080/wsd31284assignment/PlaceOrder.wsdl"/>
    <system systemId="http://localhost:8080/wsd31284assignment/PlaceOrder?xsd=1" uri="wsdl/localhost_8080/wsd31284assignment/PlaceOrder.xsd_1.xsd"/>
    <system systemId="http://localhost:8080/wsd31284assignment/PlaceOrder?xsd=2" uri="wsdl/localhost_8080/wsd31284assignment/PlaceOrder.xsd_2.xsd"/>
</catalog>