<?xml version="1.0" ?>
<?xml-sylesheet type="text/xsl" href="movies.xsl" ?>
<movies
    xmlns="http://uts/wsd/oms"
    xmlns:xsi="http://www.w3.org/2001/XMLSchema-instance"
    xsi:schemaLocation="http://uts/wsd/oms movies.xsd">
    
    <movie>
        <title>Title of movie</title>
        <genre>Action</genre>
        <releaseDate>2018</releaseDate>
        <price>20</price>
        <copies>3</copies>
    </movie>
    <movie>
        <title>The Lord of the Rings</title>
        <genre>Epic</genre>
        <releaseDate>2018</releaseDate>
        <price>3</price>
        <copies>9</copies>
    </movie>
</movies>
